train loss,valid loss
1.038268955424428,1.0231346997544168
