train loss,valid loss
8.32922314254331,8.140229576423764
