train loss,valid loss
1.8435845859348774,1.8454192921817303
