train loss,valid loss
0.11875904770568013,0.11653690997511149
