train loss,valid loss
2.880034849047661,2.8226615045517685
