train loss,valid loss
0.46446030074730515,0.4557261848449707
