train loss,valid loss
0.08812866695749928,0.08999622191116213
