{"Metrics/Generation": 2, "Metrics/Fitness": -0.4112589657306671, "_timestamp": 1699205951.99518, "_runtime": 166.53420400619507, "_step": 1, "_wandb": {"runtime": 214}}